bytes,content-type,elapsed,endpoint,resource,status,entry-date,start-date,end-date
14014,application/json,0.399,7b4b9b400899e33b81a52c5893987827666437d1fcc8488d610d0ae77b605a31,b7cd7941c1c8aee51465cbab3a72a81f42ba9393ee7c43ed142b5a278810c4e4,200,2021-10-29T10:42:52.330699,,
14014,application/json,0.661,7b4b9b400899e33b81a52c5893987827666437d1fcc8488d610d0ae77b605a31,b7cd7941c1c8aee51465cbab3a72a81f42ba9393ee7c43ed142b5a278810c4e4,200,2021-10-30T00:58:31.265393,,
14014,application/json,1.654,7b4b9b400899e33b81a52c5893987827666437d1fcc8488d610d0ae77b605a31,b7cd7941c1c8aee51465cbab3a72a81f42ba9393ee7c43ed142b5a278810c4e4,200,2021-10-31T01:02:41.024568,,
14014,application/json,0.718,7b4b9b400899e33b81a52c5893987827666437d1fcc8488d610d0ae77b605a31,b7cd7941c1c8aee51465cbab3a72a81f42ba9393ee7c43ed142b5a278810c4e4,200,2021-11-01T01:02:42.619327,,
14014,application/json,1.121,7b4b9b400899e33b81a52c5893987827666437d1fcc8488d610d0ae77b605a31,b7cd7941c1c8aee51465cbab3a72a81f42ba9393ee7c43ed142b5a278810c4e4,200,2021-11-02T01:02:30.945408,,
14014,application/json,0.783,7b4b9b400899e33b81a52c5893987827666437d1fcc8488d610d0ae77b605a31,b7cd7941c1c8aee51465cbab3a72a81f42ba9393ee7c43ed142b5a278810c4e4,200,2021-11-03T00:59:56.526686,,
14014,application/json,1.869,7b4b9b400899e33b81a52c5893987827666437d1fcc8488d610d0ae77b605a31,b7cd7941c1c8aee51465cbab3a72a81f42ba9393ee7c43ed142b5a278810c4e4,200,2021-11-04T01:00:45.190091,,
14014,application/json,0.552,7b4b9b400899e33b81a52c5893987827666437d1fcc8488d610d0ae77b605a31,b7cd7941c1c8aee51465cbab3a72a81f42ba9393ee7c43ed142b5a278810c4e4,200,2021-11-05T00:59:23.259112,,
14014,application/json,1.575,7b4b9b400899e33b81a52c5893987827666437d1fcc8488d610d0ae77b605a31,b7cd7941c1c8aee51465cbab3a72a81f42ba9393ee7c43ed142b5a278810c4e4,200,2021-11-06T00:58:04.792706,,
14014,application/json,1.289,7b4b9b400899e33b81a52c5893987827666437d1fcc8488d610d0ae77b605a31,b7cd7941c1c8aee51465cbab3a72a81f42ba9393ee7c43ed142b5a278810c4e4,200,2021-11-07T01:02:16.422504,,
14014,application/json,0.563,7b4b9b400899e33b81a52c5893987827666437d1fcc8488d610d0ae77b605a31,b7cd7941c1c8aee51465cbab3a72a81f42ba9393ee7c43ed142b5a278810c4e4,200,2021-11-08T01:01:01.602055,,
